{"Mean":{"confidence_interval":{"confidence_level":0.95,"lower_bound":1778.708180645254,"upper_bound":1822.936040324661},"point_estimate":1800.4877389934,"standard_error":11.292494586502727},"Median":{"confidence_interval":{"confidence_level":0.95,"lower_bound":1758.631330044841,"upper_bound":1794.457110091743},"point_estimate":1773.6357061116823,"standard_error":9.495715760991326},"MedianAbsDev":{"confidence_interval":{"confidence_level":0.95,"lower_bound":59.18209733709922,"upper_bound":118.78110965802063},"point_estimate":93.86179279458915,"standard_error":15.112181219620238},"Slope":{"confidence_interval":{"confidence_level":0.95,"lower_bound":1743.981813882901,"upper_bound":1769.0451398128282},"point_estimate":1756.6622880438392,"standard_error":6.386436927151584},"StdDev":{"confidence_interval":{"confidence_level":0.95,"lower_bound":96.20726884972191,"upper_bound":128.8055797545677},"point_estimate":113.67470236045854,"standard_error":8.294237460237035}}