{"Mean":{"confidence_interval":{"confidence_level":0.95,"lower_bound":488.7308988750715,"upper_bound":499.66340435170514},"point_estimate":494.14408876145353,"standard_error":2.785430094865506},"Median":{"confidence_interval":{"confidence_level":0.95,"lower_bound":492.09601051301814,"upper_bound":498.4631092451865},"point_estimate":495.8506831509583,"standard_error":1.9323440682650996},"MedianAbsDev":{"confidence_interval":{"confidence_level":0.95,"lower_bound":19.128854089662614,"upper_bound":30.123896865911146},"point_estimate":24.40628922709097,"standard_error":2.7913591154553496},"Slope":{"confidence_interval":{"confidence_level":0.95,"lower_bound":487.0061089377396,"upper_bound":499.0806562699156},"point_estimate":493.2640878235789,"standard_error":3.0848945972627333},"StdDev":{"confidence_interval":{"confidence_level":0.95,"lower_bound":23.039237063793788,"upper_bound":32.71251186109042},"point_estimate":27.957927529559303,"standard_error":2.4685469321630475}}