{"Mean":{"confidence_interval":{"confidence_level":0.95,"lower_bound":-0.02922247423889198,"upper_bound":-0.011954344763151811},"point_estimate":-0.020828427534240412,"standard_error":0.004429244422095146},"Median":{"confidence_interval":{"confidence_level":0.95,"lower_bound":-0.03564466802971045,"upper_bound":-0.02066573123530424},"point_estimate":-0.029518360023711665,"standard_error":0.0037671985703440257}}