{"Mean":{"confidence_interval":{"confidence_level":0.95,"lower_bound":0.30486759157607657,"upper_bound":0.3074888013462173},"point_estimate":0.30615941042237893,"standard_error":0.0006705180265985437},"Median":{"confidence_interval":{"confidence_level":0.95,"lower_bound":0.30427311464637324,"upper_bound":0.3065321588448402},"point_estimate":0.3051375210238313,"standard_error":0.0005398453763867916},"MedianAbsDev":{"confidence_interval":{"confidence_level":0.95,"lower_bound":0.003177955675691437,"upper_bound":0.005802037094082435},"point_estimate":0.004035444221611177,"standard_error":0.0006975970361300023},"Slope":{"confidence_interval":{"confidence_level":0.95,"lower_bound":0.3044293558853857,"upper_bound":0.30710933963032416},"point_estimate":0.30571584085504355,"standard_error":0.0006822274661819836},"StdDev":{"confidence_interval":{"confidence_level":0.95,"lower_bound":0.005356714563994949,"upper_bound":0.007990241116701817},"point_estimate":0.006767885706876492,"standard_error":0.0006722270709334221}}