{"Mean":{"confidence_interval":{"confidence_level":0.95,"lower_bound":1731.1327079089183,"upper_bound":1761.990837984161},"point_estimate":1745.911439652303,"standard_error":7.8533075826781795},"Median":{"confidence_interval":{"confidence_level":0.95,"lower_bound":1733.6579013906448,"upper_bound":1759.8534153162473},"point_estimate":1744.86488732641,"standard_error":7.113790676274927},"MedianAbsDev":{"confidence_interval":{"confidence_level":0.95,"lower_bound":39.12525964309295,"upper_bound":70.42006750514615},"point_estimate":57.40206086460123,"standard_error":8.19651948670288},"Slope":{"confidence_interval":{"confidence_level":0.95,"lower_bound":1736.9586299912687,"upper_bound":1760.3299129910845},"point_estimate":1748.8728673481799,"standard_error":5.98192005799864},"StdDev":{"confidence_interval":{"confidence_level":0.95,"lower_bound":53.976134237462226,"upper_bound":102.94965172042865},"point_estimate":78.4836755143902,"standard_error":12.780811177231017}}