{"Mean":{"confidence_interval":{"confidence_level":0.95,"lower_bound":744.5133743076219,"upper_bound":753.4997960757562},"point_estimate":748.8064857634672,"standard_error":2.2884171151073067},"Median":{"confidence_interval":{"confidence_level":0.95,"lower_bound":742.4813299333847,"upper_bound":749.4751153960691},"point_estimate":746.111174530695,"standard_error":1.8859959381658196},"MedianAbsDev":{"confidence_interval":{"confidence_level":0.95,"lower_bound":10.47206614670979,"upper_bound":17.857301965693907},"point_estimate":14.352434309606789,"standard_error":1.9106376557716767},"Slope":{"confidence_interval":{"confidence_level":0.95,"lower_bound":743.80727649423,"upper_bound":749.7518014727217},"point_estimate":746.7556986620764,"standard_error":1.5200816692652241},"StdDev":{"confidence_interval":{"confidence_level":0.95,"lower_bound":16.207445903086175,"upper_bound":29.57728046471436},"point_estimate":23.08518770522149,"standard_error":3.4314004793131216}}