{"Mean":{"confidence_interval":{"confidence_level":0.95,"lower_bound":437.09413638850685,"upper_bound":443.97303862563126},"point_estimate":440.5236930105018,"standard_error":1.753917593704257},"Median":{"confidence_interval":{"confidence_level":0.95,"lower_bound":434.81999105545617,"upper_bound":443.8111778086454},"point_estimate":439.2228497111015,"standard_error":2.288572383923559},"MedianAbsDev":{"confidence_interval":{"confidence_level":0.95,"lower_bound":13.161537154785348,"upper_bound":21.643450069191797},"point_estimate":17.007482897088337,"standard_error":2.1443401237105717},"Slope":{"confidence_interval":{"confidence_level":0.95,"lower_bound":437.81388444009224,"upper_bound":444.85246702152654},"point_estimate":441.274539323609,"standard_error":1.7997051688181362},"StdDev":{"confidence_interval":{"confidence_level":0.95,"lower_bound":14.994102485902298,"upper_bound":20.139912572667903},"point_estimate":17.663356435027367,"standard_error":1.31556443890595}}