{"Mean":{"confidence_interval":{"confidence_level":0.95,"lower_bound":0.016278768860595136,"upper_bound":0.04772115661364896},"point_estimate":0.03125948894175634,"standard_error":0.007983112278874032},"Median":{"confidence_interval":{"confidence_level":0.95,"lower_bound":0.004218634450362968,"upper_bound":0.03135037063007817},"point_estimate":0.016488851941628857,"standard_error":0.006999587071245605}}