{"Mean":{"confidence_interval":{"confidence_level":0.95,"lower_bound":3.004984086481285,"upper_bound":3.0930138304018326},"point_estimate":3.0457312453599705,"standard_error":0.022463951190348223},"Median":{"confidence_interval":{"confidence_level":0.95,"lower_bound":2.9987051441878863,"upper_bound":3.063830731334786},"point_estimate":3.0289711954421437,"standard_error":0.01630434737616496}}