{"Mean":{"confidence_interval":{"confidence_level":0.95,"lower_bound":278.7407208093171,"upper_bound":281.62818120891114},"point_estimate":280.18524909652706,"standard_error":0.7362501113909273},"Median":{"confidence_interval":{"confidence_level":0.95,"lower_bound":279.54931609386597,"upper_bound":281.41255531548904},"point_estimate":280.7545325362819,"standard_error":0.5302570388396773},"MedianAbsDev":{"confidence_interval":{"confidence_level":0.95,"lower_bound":3.775430961334941,"upper_bound":7.243857327742665},"point_estimate":5.081355651919973,"standard_error":0.8958723217400765},"Slope":{"confidence_interval":{"confidence_level":0.95,"lower_bound":279.88018421091823,"upper_bound":281.87254909994357},"point_estimate":280.8555486859202,"standard_error":0.5080735661612312},"StdDev":{"confidence_interval":{"confidence_level":0.95,"lower_bound":5.981161100781756,"upper_bound":8.693725331791853},"point_estimate":7.383289275825177,"standard_error":0.6900297129073624}}