{"Mean":{"confidence_interval":{"confidence_level":0.95,"lower_bound":272.44067546165485,"upper_bound":276.4360906715265},"point_estimate":274.34943093955695,"standard_error":1.0218676156003843},"Median":{"confidence_interval":{"confidence_level":0.95,"lower_bound":270.85471069828,"upper_bound":274.40563350679093},"point_estimate":272.46711916658705,"standard_error":0.9082152585118963},"MedianAbsDev":{"confidence_interval":{"confidence_level":0.95,"lower_bound":5.569934469185264,"upper_bound":8.863521809669347},"point_estimate":7.51694942009831,"standard_error":0.8761673007349752},"Slope":{"confidence_interval":{"confidence_level":0.95,"lower_bound":271.4949439426417,"upper_bound":274.1409112895643},"point_estimate":272.78076853110076,"standard_error":0.6745294194185023},"StdDev":{"confidence_interval":{"confidence_level":0.95,"lower_bound":7.2584969762088845,"upper_bound":13.104797136662999},"point_estimate":10.228705777031484,"standard_error":1.5076759084277347}}