{"Mean":{"confidence_interval":{"confidence_level":0.95,"lower_bound":0.10710778422381607,"upper_bound":0.1371538795212075},"point_estimate":0.12171966366783704,"standard_error":0.007653798811941524},"Median":{"confidence_interval":{"confidence_level":0.95,"lower_bound":0.11301403476734073,"upper_bound":0.1420186765522908},"point_estimate":0.1289273394521795,"standard_error":0.007470510017698254}}