{"Mean":{"confidence_interval":{"confidence_level":0.95,"lower_bound":3004.3494489401355,"upper_bound":3056.5200281974717},"point_estimate":3029.469796181455,"standard_error":13.271879274207686},"Median":{"confidence_interval":{"confidence_level":0.95,"lower_bound":2989.4286421382612,"upper_bound":3027.618124821887},"point_estimate":3006.0604307816766,"standard_error":9.167815860275107},"MedianAbsDev":{"confidence_interval":{"confidence_level":0.95,"lower_bound":54.23047561452123,"upper_bound":104.79379742100984},"point_estimate":67.0460145537984,"standard_error":13.443764851523856},"Slope":{"confidence_interval":{"confidence_level":0.95,"lower_bound":3037.4064975938854,"upper_bound":3088.0911974164355},"point_estimate":3063.429632890206,"standard_error":12.963573558209651},"StdDev":{"confidence_interval":{"confidence_level":0.95,"lower_bound":98.4212743024464,"upper_bound":166.84783611644883},"point_estimate":133.43533163855574,"standard_error":17.586692533067964}}